Workbook

Sheet Feuil1
A1: 0 | B1: =Tabelle1!A2/(1-Feuil2!A$1) -> 0 | C1: =Tabelle1!B2/(1-Feuil2!B$1) -> 0 | D1: =Tabelle1!C2/(1-Feuil2!C$1) -> 0 | E1: =Tabelle1!D2/(1-Feuil2!D$1) -> 0 | F1: =Tabelle1!E2/(1-Feuil2!E$1) -> 0 | G1: =Tabelle1!F2/(1-Feuil2!F$1) -> 0 | H1: =Tabelle1!G2/(1-Feuil2!G$1) -> 0 | I1: =Tabelle1!H2/(1-Feuil2!H$1) -> 0 | ... K1: =Tabelle1!J2/(1-Feuil2!J$1) -> 0
A2: =A1+1.655/75 -> 0.022066667 | B2: =Tabelle1!A3/(1-Feuil2!$A$1) -> 0 | C2: =Tabelle1!B3/(1-Feuil2!B$1) -> 0 | D2: =Tabelle1!C3/(1-Feuil2!C$1) -> 0 | E2: =Tabelle1!D3/(1-Feuil2!D$1) -> 0 | F2: =Tabelle1!E3/(1-Feuil2!E$1) -> 0 | G2: =Tabelle1!F3/(1-Feuil2!F$1) -> 0 | H2: =Tabelle1!G3/(1-Feuil2!G$1) -> 0 | I2: =Tabelle1!H3/(1-Feuil2!H$1) -> 0 | J2: =Tabelle1!I3/(1-Feuil2!I$1) -> 0 | K2: =Tabelle1!J3/(1-Feuil2!J$1) -> 0
A3: =A2+1.655/75 -> 0.044133333 | B3: =Tabelle1!A4/(1-Feuil2!$A$1) -> 0 | C3: =Tabelle1!B4/(1-Feuil2!B$1) -> 0 | D3: =Tabelle1!C4/(1-Feuil2!C$1) -> 0 | E3: =Tabelle1!D4/(1-Feuil2!D$1) -> 0 | F3: =Tabelle1!E4/(1-Feuil2!E$1) -> 0 | G3: =Tabelle1!F4/(1-Feuil2!F$1) -> 0 | H3: =Tabelle1!G4/(1-Feuil2!G$1) -> 0 | I3: =Tabelle1!H4/(1-Feuil2!H$1) -> 0 | J3: =Tabelle1!I4/(1-Feuil2!I$1) -> 0 | K3: =Tabelle1!J4/(1-Feuil2!J$1) -> 0
A4: =A3+1.655/75 -> 0.0662 | B4: =Tabelle1!A5/(1-Feuil2!$A$1) -> 0 | C4: =Tabelle1!B5/(1-Feuil2!B$1) -> 0 | D4: =Tabelle1!C5/(1-Feuil2!C$1) -> 0 | E4: =Tabelle1!D5/(1-Feuil2!D$1) -> 0 | F4: =Tabelle1!E5/(1-Feuil2!E$1) -> 0 | G4: =Tabelle1!F5/(1-Feuil2!F$1) -> 0 | H4: =Tabelle1!G5/(1-Feuil2!G$1) -> 0 | I4: =Tabelle1!H5/(1-Feuil2!H$1) -> 0 | J4: =Tabelle1!I5/(1-Feuil2!I$1) -> 0 | K4: =Tabelle1!J5/(1-Feuil2!J$1) -> 0
A5: =A4+1.655/75 -> 0.088266667 | B5: =Tabelle1!A6/(1-Feuil2!$A$1) -> 0 | C5: =Tabelle1!B6/(1-Feuil2!B$1) -> 0 | D5: =Tabelle1!C6/(1-Feuil2!C$1) -> 0 | E5: =Tabelle1!D6/(1-Feuil2!D$1) -> 0 | F5: =Tabelle1!E6/(1-Feuil2!E$1) -> 0 | G5: =Tabelle1!F6/(1-Feuil2!F$1) -> 0 | H5: =Tabelle1!G6/(1-Feuil2!G$1) -> 0 | I5: =Tabelle1!H6/(1-Feuil2!H$1) -> 0 | J5: =Tabelle1!I6/(1-Feuil2!I$1) -> 0 | K5: =Tabelle1!J6/(1-Feuil2!J$1) -> 0
A6: =A5+1.655/75 -> 0.11033333 | B6: =Tabelle1!A7/(1-Feuil2!$A$1) -> 0 | C6: =Tabelle1!B7/(1-Feuil2!B$1) -> 0 | D6: =Tabelle1!C7/(1-Feuil2!C$1) -> 0 | E6: =Tabelle1!D7/(1-Feuil2!D$1) -> 0 | F6: =Tabelle1!E7/(1-Feuil2!E$1) -> 0 | G6: =Tabelle1!F7/(1-Feuil2!F$1) -> 5.4196161e-15 | H6: =Tabelle1!G7/(1-Feuil2!G$1) -> 0 | I6: =Tabelle1!H7/(1-Feuil2!H$1) -> 0 | J6: =Tabelle1!I7/(1-Feuil2!I$1) -> 0 | K6: =Tabelle1!J7/(1-Feuil2!J$1) -> 0
A7: =A6+1.655/75 -> 0.1324 | B7: =Tabelle1!A8/(1-Feuil2!$A$1) -> 0 | C7: =Tabelle1!B8/(1-Feuil2!B$1) -> 0 | D7: =Tabelle1!C8/(1-Feuil2!C$1) -> 0 | E7: =Tabelle1!D8/(1-Feuil2!D$1) -> 0 | F7: =Tabelle1!E8/(1-Feuil2!E$1) -> 0 | G7: =Tabelle1!F8/(1-Feuil2!F$1) -> 1.8271156e-13 | H7: =Tabelle1!G8/(1-Feuil2!G$1) -> 0 | I7: =Tabelle1!H8/(1-Feuil2!H$1) -> 0 | J7: =Tabelle1!I8/(1-Feuil2!I$1) -> 0 | K7: =Tabelle1!J8/(1-Feuil2!J$1) -> 0
A8: =A7+1.655/75 -> 0.15446667 | B8: =Tabelle1!A9/(1-Feuil2!$A$1) -> 0 | C8: =Tabelle1!B9/(1-Feuil2!B$1) -> 0 | D8: =Tabelle1!C9/(1-Feuil2!C$1) -> 0 | E8: =Tabelle1!D9/(1-Feuil2!D$1) -> 0 | F8: =Tabelle1!E9/(1-Feuil2!E$1) -> 0 | G8: =Tabelle1!F9/(1-Feuil2!F$1) -> 0 | H8: =Tabelle1!G9/(1-Feuil2!G$1) -> 0 | I8: =Tabelle1!H9/(1-Feuil2!H$1) -> 0 | J8: =Tabelle1!I9/(1-Feuil2!I$1) -> 0 | K8: =Tabelle1!J9/(1-Feuil2!J$1) -> 0
A9: =A8+1.655/75 -> 0.17653333 | B9: =Tabelle1!A10/(1-Feuil2!$A$1) -> 0 | C9: =Tabelle1!B10/(1-Feuil2!B$1) -> 0 | D9: =Tabelle1!C10/(1-Feuil2!C$1) -> 0 | E9: =Tabelle1!D10/(1-Feuil2!D$1) -> 0 | F9: =Tabelle1!E10/(1-Feuil2!E$1) -> 0 | G9: =Tabelle1!F10/(1-Feuil2!F$1) -> 0 | H9: =Tabelle1!G10/(1-Feuil2!G$1) -> 0 | I9: =Tabelle1!H10/(1-Feuil2!H$1) -> 0 | J9: =Tabelle1!I10/(1-Feuil2!I$1) -> 0 | K9: =Tabelle1!J10/(1-Feuil2!J$1) -> 0
A10: =A9+1.655/75 -> 0.1986 | B10: =Tabelle1!A11/(1-Feuil2!$A$1) -> 0 | C10: =Tabelle1!B11/(1-Feuil2!B$1) -> 0 | D10: =Tabelle1!C11/(1-Feuil2!C$1) -> 0 | E10: =Tabelle1!D11/(1-Feuil2!D$1) -> 0 | F10: =Tabelle1!E11/(1-Feuil2!E$1) -> 0 | G10: =Tabelle1!F11/(1-Feuil2!F$1) -> 0 | H10: =Tabelle1!G11/(1-Feuil2!G$1) -> 0 | I10: =Tabelle1!H11/(1-Feuil2!H$1) -> 0 | J10: =Tabelle1!I11/(1-Feuil2!I$1) -> 0 | K10: =Tabelle1!J11/(1-Feuil2!J$1) -> 0
A11: =A10+1.655/75 -> 0.22066667 | B11: =Tabelle1!A12/(1-Feuil2!$A$1) -> 0 | C11: =Tabelle1!B12/(1-Feuil2!B$1) -> 0 | D11: =Tabelle1!C12/(1-Feuil2!C$1) -> 0 | E11: =Tabelle1!D12/(1-Feuil2!D$1) -> 0 | F11: =Tabelle1!E12/(1-Feuil2!E$1) -> 0 | G11: =Tabelle1!F12/(1-Feuil2!F$1) -> 0 | H11: =Tabelle1!G12/(1-Feuil2!G$1) -> 0 | I11: =Tabelle1!H12/(1-Feuil2!H$1) -> 0 | J11: =Tabelle1!I12/(1-Feuil2!I$1) -> 0 | K11: =Tabelle1!J12/(1-Feuil2!J$1) -> 0
A12: =A11+1.655/75 -> 0.24273333 | B12: =Tabelle1!A13/(1-Feuil2!$A$1) -> 0 | C12: =Tabelle1!B13/(1-Feuil2!B$1) -> 0 | D12: =Tabelle1!C13/(1-Feuil2!C$1) -> 0 | E12: =Tabelle1!D13/(1-Feuil2!D$1) -> 0 | F12: =Tabelle1!E13/(1-Feuil2!E$1) -> 0 | G12: =Tabelle1!F13/(1-Feuil2!F$1) -> 0 | H12: =Tabelle1!G13/(1-Feuil2!G$1) -> 0 | I12: =Tabelle1!H13/(1-Feuil2!H$1) -> 0 | J12: =Tabelle1!I13/(1-Feuil2!I$1) -> 0 | K12: =Tabelle1!J13/(1-Feuil2!J$1) -> 0
A13: =A12+1.655/75 -> 0.2648 | B13: =Tabelle1!A14/(1-Feuil2!$A$1) -> 0 | C13: =Tabelle1!B14/(1-Feuil2!B$1) -> 0 | D13: =Tabelle1!C14/(1-Feuil2!C$1) -> 0 | E13: =Tabelle1!D14/(1-Feuil2!D$1) -> 0 | F13: =Tabelle1!E14/(1-Feuil2!E$1) -> 0 | G13: =Tabelle1!F14/(1-Feuil2!F$1) -> 0 | H13: =Tabelle1!G14/(1-Feuil2!G$1) -> 0 | I13: =Tabelle1!H14/(1-Feuil2!H$1) -> 0 | J13: =Tabelle1!I14/(1-Feuil2!I$1) -> 0 | K13: =Tabelle1!J14/(1-Feuil2!J$1) -> 0
... A75: =A74+1.655/75 -> 1.6329333 | B75: =Tabelle1!A76/(1-Feuil2!$A$1) -> 0.54681739 | C75: =Tabelle1!B76/(1-Feuil2!B$1) -> 0.46668591 | D75: =Tabelle1!C76/(1-Feuil2!C$1) -> 0.35187226 | E75: =Tabelle1!D76/(1-Feuil2!D$1) -> 0.21999833 | F75: =Tabelle1!E76/(1-Feuil2!E$1) -> 0.095154181 | G75: =Tabelle1!F76/(1-Feuil2!F$1) -> 0.016520596 | H75: =Tabelle1!G76/(1-Feuil2!G$1) -> 0.0049071248 | I75: =Tabelle1!H76/(1-Feuil2!H$1) -> 0.17398228 | J75: =Tabelle1!I76/(1-Feuil2!I$1) -> 0.16980665 | K75: =Tabelle1!J76/(1-Feuil2!J$1) -> 0.16642492

Sheet Feuil2
A1: 0.58575385 | B1: 0.49219594 | C1: 0.41938589 | D1: 0.36161334 | E1: 0.3150054 | F1: 0.27686022 | G1: 0.24524642 | H1: 0.21875375 | I1: 0.19633301 | J1: 0.17719054

Sheet Tabelle1
A2: 0 | B2: 0 | C2: 0 | D2: 0 | E2: 0 | F2: 0 | G2: 0 | H2: 0 | I2: 0 | J2: 0
A3: 0 | B3: 0 | C3: 0 | D3: 0 | E3: 0 | F3: 0 | G3: 0 | H3: 0 | I3: 0 | J3: 0
A4: 0 | B4: 0 | C4: 0 | D4: 0 | E4: 0 | F4: 0 | G4: 0 | H4: 0 | I4: 0 | J4: 0
A5: 0 | B5: 0 | C5: 0 | D5: 0 | E5: 0 | F5: 0 | G5: 0 | H5: 0 | I5: 0 | J5: 0
A6: 0 | B6: 0 | C6: 0 | D6: 0 | E6: 0 | F6: 0 | G6: 0 | H6: 0 | I6: 0 | J6: 0
A7: 0 | B7: 0 | C7: 0 | D7: 0 | E7: 0 | F7: 3.91914e-15 | G7: 0 | H7: 0 | I7: 0 | J7: 0
A8: 0 | B8: 0 | C8: 0 | D8: 0 | E8: 0 | F8: 1.32126e-13 | G8: 0 | H8: 0 | I8: 0 | J8: 0
A9: 0 | B9: 0 | C9: 0 | D9: 0 | E9: 0 | F9: 0 | G9: 0 | H9: 0 | I9: 0 | J9: 0
A10: 0 | B10: 0 | C10: 0 | D10: 0 | E10: 0 | F10: 0 | G10: 0 | H10: 0 | I10: 0 | J10: 0
A11: 0 | B11: 0 | C11: 0 | D11: 0 | E11: 0 | F11: 0 | G11: 0 | H11: 0 | I11: 0 | J11: 0
A12: 0 | B12: 0 | C12: 0 | D12: 0 | E12: 0 | F12: 0 | G12: 0 | H12: 0 | I12: 0 | J12: 0
A13: 0 | B13: 0 | C13: 0 | D13: 0 | E13: 0 | F13: 0 | G13: 0 | H13: 0 | I13: 0 | J13: 0
... A76: 0.226517 | B76: 0.236985 | C76: 0.204302 | D76: 0.140444 | E76: 0.0651801 | F76: 0.0119467 | G76: 0.00370367 | H76: 0.135923 | I76: 0.136468 | J76: 0.136936
